nombre,url
Portátiles con inteligencia artificial,https://www.pccomponentes.com/portatiles/orientados-a-ia
Estaciones de energía,https://www.pccomponentes.com/placas-solares/generadores-portatiles
Altavoces portátiles,https://www.pccomponentes.com/altavoces/altavoces-portatiles
Lenovo,https://www.pccomponentes.com/portatiles-lenovo
Repuestos,https://www.pccomponentes.com/repuestos-portatiles
Alurin,https://www.pccomponentes.com/portatiles/alurin
HP,https://www.pccomponentes.com/portatil-hp
Portátiles con Windows,https://www.pccomponentes.com/portatiles/windows
ASUS,https://www.pccomponentes.com/portatil-asus
Monitor portátil,https://www.pccomponentes.com/monitores-pc/monitores-portatiles
Cocinas portátiles,https://www.pccomponentes.com/placas-de-cocina-portatiles
MSI,https://www.pccomponentes.com/portatiles-msi
Portátiles 2 en 1 convertibles,https://www.pccomponentes.com/portatiles/2-en-1-convertibles
Neveras portátiles,https://www.pccomponentes.com/neveras-portatiles
Portátiles,https://www.pccomponentes.com/portatiles
